institution,state,2021_22_tuitionfee_in,2021_22_tuitionfee_out,2021_22_undergrad_enrollment,2022_23_tuitionfee_in,2022_23_tuitionfee_out,2022_23_undergrad_enrollment,2023_24_tuitionfee_in,2023_24_tuitionfee_out,2023_24_undergrad_enrollment
Allegany College of Maryland,MD,4730,10280,1671,4730,11060,1764,4730,12050,1743
Anne Arundel Community College,MD,4910,13550,8574,4970,13760,8326,4178,11330,8570
Award Beauty School,MD,NA,NA,94,NA,NA,147,NA,NA,132
Baltimore Studio of Hair Design,MD,NA,NA,28,NA,NA,43,NA,NA,39
Baltimore City Community College,MD,3314,7394,3171,3314,7394,2594,3314,7394,3234
University of Baltimore,MD,9364,22550,1579,9506,22956,1351,9772,23490,1276
Bowie State University,MD,8558,19298,5279,8748,19470,5289,8999,19889,5207
Capitol Technology University,MD,26934,26934,322,27004,27004,296,27318,27318,259
Cecil College,MD,4770,9510,1356,4920,9510,1315,5370,9960,1369
College of Southern Maryland,MD,4020,9030,5149,4110,9240,4378,4200,9450,4422
Chesapeake College,MD,3890,7400,1341,4010,8504,1273,4010,8504,1275
Washington Adventist University,MD,25200,25200,594,25200,25200,499,25200,25200,522
Coppin State University,MD,6809,13334,1785,6904,13560,1708,7001,13789,1756
Del-Mar-Va Beauty Academy,MD,NA,NA,49,NA,NA,54,NA,NA,43
North American Trade Schools,MD,NA,NA,643,NA,NA,612,NA,NA,529
Frederick Community College,MD,3772,9844,3632,3772,9844,3653,3772,9844,4116
Frostburg State University,MD,9594,24080,3289,9804,24684,2874,9998,25180,2849
Garrett College,MD,3976,10976,390,3976,12124,367,4060,11368,424
Goucher College,MD,48200,48200,1054,49220,49220,981,51250,51250,948
Hagerstown Community College,MD,4320,8190,2675,4320,8190,2695,4320,8190,2783
Harford Community College,MD,3827,8302,3758,3888,8448,3620,3974,8630,3628
Hood College,MD,43140,43140,1202,44500,44500,1182,45870,45870,1202
Howard Community College,MD,4080,7968,7188,4088,8408,6905,4080,8976,6779
Aveda Institute-Maryland,MD,NA,NA,129,NA,NA,94,NA,NA,84
Johns Hopkins University,MD,58720,58720,5727,60480,60480,5643,63340,63340,5617
Lincoln College of Technology-Columbia,MD,NA,NA,1109,NA,NA,947,NA,NA,1075
Loyola University Maryland,MD,53530,53530,3768,53430,53430,3968,55480,55480,3975
University of Maryland Global Campus,MD,7704,12336,42992,7848,12336,44458,7992,12336,48238
University of Maryland Baltimore,MD,NA,NA,912,NA,NA,956,NA,NA,959
University of Maryland-Baltimore County,MD,12280,28470,10747,12606,29370,10557,12952,30308,10434
University of Maryland-College Park,MD,10955,38636,30368,11233,39469,29982,11505,40306,30246
Maryland Institute College of Art,MD,52040,52040,1539,53815,53815,1401,55150,55150,1319
University of Maryland Eastern Shore,MD,8724,19343,1758,8898,19728,1877,8898,19728,2165
Fortis Institute-Towson,MD,NA,NA,510,NA,NA,382,NA,NA,373
Montgomery Beauty School,MD,NA,NA,117,NA,NA,83,NA,NA,68
Montgomery College,MD,5322,14034,13650,5322,14034,13357,5394,14250,13519
Morgan State University,MD,8008,18479,7027,8008,18479,7599,8118,18800,8293
Mount St. Mary's University,MD,44750,44750,2009,45870,45870,1824,47240,47240,1806
Ner Israel Rabbinical College,MD,13200,13200,261,13700,13700,246,14400,14400,292
Hair Academy,MD,NA,NA,348,NA,NA,265,NA,NA,241
Notre Dame of Maryland University,MD,39745,39745,781,40730,40730,634,41910,41910,684
Prince George's Community College,MD,3746,8474,8397,3914,8642,7872,3914,8642,8049
Maryland Beauty Academy of Essex,MD,NA,NA,62,NA,NA,41,NA,NA,36
Salisbury University,MD,10188,20458,6455,10396,20872,6145,10638,21332,6056
St. Mary's College of Maryland,MD,15124,31200,1507,15184,31260,1476,15236,31312,1566
St. John's College,MD,36170,36170,473,37260,37260,462,39126,39126,488
Towson University,MD,10464,25516,17817,10818,26820,16734,11306,28326,16400
Maryland University of Integrative Health,MD,NA,NA,NA,NA,NA,NA,NA,NA,NA
United States Naval Academy,MD,NA,NA,4528,NA,NA,4450,NA,NA,4465
Stevenson University,MD,38168,38168,2959,38738,38738,2979,39708,39708,3027
Washington College,MD,49768,49768,1010,52481,52481,935,54356,54356,890
McDaniel College,MD,46336,46336,1741,46800,46800,1748,49647,49647,1652
Wor-Wic Community College,MD,3624,8280,1997,3624,8280,1886,3744,8400,2047
Paul Mitchell the School-Roanoke,VA,NA,NA,107,NA,NA,106,NA,NA,73
Advanced Technology Institute,VA,13200,13200,466,14568,14568,459,14568,14568,377
Averett University,VA,37050,37050,1094,37790,37790,1121,38550,38550,1162
Blue Ridge Community College,VA,5364,11367,2428,5364,11367,2624,5502,11505,2677
Bluefield University,VA,28870,28870,628,29420,29420,615,29696,29696,683
Bridgewater College,VA,38460,38460,1426,39800,39800,1379,41350,41350,1388
William & Mary,VA,23812,47038,6521,23970,47196,6778,25040,49412,6949
Regent University,VA,18820,18820,4246,19680,19680,4281,20686,20686,4282
Central School of Practical Nursing,VA,NA,NA,20,NA,NA,21,NA,NA,24
Central Virginia Community College,VA,4838,10841,1997,4853,10856,2040,4998,11001,2144
Christopher Newport University,VA,14924,27790,4463,15425,29063,4442,16351,30988,4402
Allegiance Beauty School,VA,NA,NA,12,NA,NA,NA,NA,NA,NA
Bryant & Stratton College-Virginia Beach,VA,18087,18087,1239,17544,17544,1269,18457,18457,1327
Mountain Gateway Community College,VA,4710,10713,511,4740,10743,448,4878,10881,457
Danville Community College,VA,4725,10728,1312,4725,10728,1290,4848,10851,1371
Eastern Virginia Medical School,VA,NA,NA,NA,NA,NA,NA,NA,NA,NA
Centura College-Virginia Beach,VA,16637,16637,113,16637,16637,109,16637,16637,8
Emory & Henry University,VA,35165,35165,1072,35155,35155,1080,35280,35280,1107
Eastern Mennonite University,VA,39990,39990,916,40990,40990,826,41860,41860,800
Eastern Shore Community College,VA,4800,10803,393,4800,10803,409,4938,10941,433
Ferrum College,VA,36830,36830,860,38320,38320,780,38320,38320,745
George Mason University,VA,13119,36579,26339,13401,38983,26447,13815,39397,27083
Germanna Community College,VA,4913,10916,5261,4913,10916,5183,5066,11069,5469
Hampden-Sydney College,VA,49504,49504,851,50740,50740,850,52388,52388,876
Hampton University,VA,29312,29312,2855,29162,29162,2846,29162,29162,3254
Hollins University,VA,40170,40170,713,41210,41210,689,42260,42260,673
J Sargeant Reynolds Community College,VA,3998,8800,5299,4998,11001,5272,5136,11139,5284
James Madison University,VA,12638,29564,19743,13092,30152,19968,13576,30790,20497
Brightpoint Community College,VA,4800,10803,5386,4800,10803,5438,4938,10941,5548
Liberty University,VA,22713,22713,47618,22511,22511,48408,21222,21222,50059
Longwood University,VA,14334,25730,3200,14840,27780,3009,15200,27410,2957
Laurel Ridge Community College,VA,4739,10742,3180,4739,10742,3111,4928,10931,3167
University of Lynchburg,VA,33500,33500,1614,34500,34500,1543,35540,35540,1599
Centra College,VA,12664,12664,304,12259,12259,227,12263,12263,212
Mary Baldwin University,VA,31140,31140,1458,32036,32036,1298,33157,33157,1188
University of Mary Washington,VA,13830,30256,3624,14234,31154,3443,14559,31479,3504
Marymount University,VA,36050,36050,1891,37600,37600,1764,39050,39050,1795
Sovah School of Health Professions,VA,NA,NA,19,NA,NA,23,NA,NA,20
Mountain Empire Community College,VA,4710,10713,1268,4725,10728,1148,4863,10866,1240
American National University,VA,10288,10288,868,10856,10856,950,10735,10735,643
New River Community College,VA,4697,10699,1954,4697,10699,1888,4835,10837,1917
Sentara College of Health Sciences,VA,NA,NA,260,NA,NA,241,NA,NA,239
Tidewater Tech-Trades,VA,16337,16337,466,16337,16337,454,16337,16337,514
Norfolk State University,VA,9622,20790,5004,9622,20790,5328,9910,21412,5495
Northern Virginia Community College,VA,5565,11648,32902,5565,11648,32211,5703,11786,31737
Old Dominion University,VA,10800,30960,18429,11220,31170,18152,12262,32662,17521
Patrick & Henry Community College,VA,4720,10723,1402,4720,10723,1383,4858,10861,1411
Paul D Camp Community College,VA,4730,10733,618,4730,10733,591,4868,10871,605
Southside College of Health Sciences,VA,NA,NA,107,NA,NA,103,NA,NA,91
Piedmont Virginia Community College,VA,4790,10793,3039,4790,10793,2954,4928,10931,3032
Radford University,VA,11542,23624,6437,11916,24453,5945,12286,25185,5609
Sylvain Melloul International Hair Academy,VA,NA,NA,146,NA,NA,116,NA,NA,153
Randolph-Macon College,VA,45150,45150,1490,46460,46460,1476,48002,48002,1489
Randolph College,VA,26890,26890,475,27930,27930,461,29010,29010,520
Rappahannock Community College,VA,4820,10823,1216,4820,10823,1275,4958,10961,1318
Fortis College-Norfolk,VA,16305,16305,441,16514,16514,410,14083,14083,431
Richard Bland College,VA,8160,14130,1243,8250,14040,711,8850,14910,799
Bon Secours Memorial College of Nursing,VA,NA,NA,427,NA,NA,481,NA,NA,527
University of Richmond,VA,58570,58570,3098,60330,60330,3069,62600,62600,3002
Riverside College of Health Careers,VA,17600,17600,322,17600,17600,338,14875,14875,325
Roanoke College,VA,48330,48330,1837,35350,35350,1801,36774,36774,1801
Bon Secours St Mary's Hospital School of Medical Imaging,VA,NA,NA,33,NA,NA,27,NA,NA,31
Shenandoah University,VA,34490,34490,2122,35170,35170,2104,36028,36028,2127
Southern Virginia University,VA,17960,17960,1066,19108,19108,1053,20040,20040,967
Southside Virginia Community College,VA,4695,10698,1575,4695,10698,1695,4848,10851,1835
Southwest Virginia Community College,VA,4703,10706,1554,4733,10736,1528,4901,10904,1600
Staunton School of Cosmetology,VA,NA,NA,44,NA,NA,22,NA,NA,25
Strayer University-Virginia,VA,13515,13515,2594,13515,13515,2197,13920,13920,2010
Sweet Briar College,VA,23080,23080,451,23590,23590,451,25110,25110,463
Virginia Peninsula Community College,VA,4806,10809,4327,4806,10809,4227,4944,10947,3901
Tidewater Community College,VA,5561,11564,13610,5561,11564,12161,5714,11717,11797
Union Presbyterian Seminary,VA,NA,NA,NA,NA,NA,NA,NA,NA,NA
University of Virginia's College at Wise,VA,11162,30672,1102,11498,31592,993,11656,32540,1214
Virginia Highlands Community College,VA,4710,10713,1718,4725,10728,1350,4863,10866,1335
Virginia Polytechnic Institute and State University,VA,14174,33857,29699,14586,34838,30339,15478,36694,30435
Virginia Western Community College,VA,5355,11358,3535,5103,11106,3681,5256,11259,3777
Virginia Commonwealth University,VA,15319,36657,20918,15828,37786,20552,16458,39042,20797
University of Virginia-Main Campus,VA,19244,53626,17041,20342,55914,17103,20986,58014,17315
Virginia Military Institute,VA,19670,48324,1652,19914,49722,1512,20484,51186,1560
Asher Institute of Hampton,VA,NA,NA,34,NA,NA,116,NA,NA,118
Virginia University of Lynchburg,VA,10136,10136,217,9400,9400,248,9248,9248,170
Virginia State University,VA,9154,20909,3886,9654,21409,4295,9755,22006,4787
Virginia Union University,VA,13530,13530,1190,14305,14305,1297,14880,14880,1153
Virginia Wesleyan University,VA,36910,36910,1190,36910,36910,1154,36960,36960,1243
Washington and Lee University,VA,59380,59380,1850,61750,61750,1861,64525,64525,1884
Wytheville Community College,VA,4725,10728,1188,4725,10728,1145,4863,10866,1229
ECPI University,VA,17479,17479,12022,18484,18484,11275,18484,18484,11270
Blades School of Hair Design,MD,NA,NA,43,NA,NA,28,NA,NA,NA
All-State Career-Baltimore,MD,NA,NA,528,NA,NA,475,NA,NA,535
Centura College-Newport News,VA,16637,16637,174,16637,16637,209,16637,16637,210
Centura College-Norfolk,VA,16637,16637,222,16637,16637,221,16637,16637,193
Virginia Beach City Public Schools School of Practical Nursing,VA,NA,NA,25,NA,NA,29,NA,NA,41
Fortis College-Richmond,VA,14495,14495,455,14332,14332,353,14986,14986,399
Carroll Community College,MD,4128,8688,2008,4128,8928,1976,4128,9618,2006
Centura College-Chesapeake,VA,16637,16637,204,16637,16637,189,16637,16637,225
CET-Alexandria,VA,NA,NA,82,NA,NA,60,NA,NA,23
Aviation Institute of Maintenance-Norfolk,VA,16757,16757,224,16757,16757,232,16757,16757,237
Centura College-Richmond Main,VA,16637,16637,177,16637,16637,149,16637,16637,31
Strayer University-Maryland,MD,13515,13515,1422,13515,13515,1298,13920,13920,1177
Cayce/Reilly School of Massage,VA,NA,NA,45,NA,NA,54,NA,NA,25
Henrico County-Saint Marys Hospital School of Practical Nursing,VA,NA,NA,100,NA,NA,101,NA,NA,79
Appalachian School of Law,VA,NA,NA,NA,NA,NA,NA,NA,NA,NA
Cortiva Institute,MD,NA,NA,356,NA,NA,386,NA,NA,251
Community College of Baltimore County,MD,4380,10880,14311,4380,10880,13223,4380,10880,13195
Yeshiva College of the Nations Capital,MD,10600,10600,33,10600,10600,43,11100,11100,57
Hair Academy II,MD,NA,NA,231,NA,NA,206,NA,NA,230
University of Management and Technology,VA,9450,9450,387,9450,9450,372,9450,9450,322
Chester Career College,VA,NA,NA,108,NA,NA,147,NA,NA,147
Stratford University,VA,15135,15135,1226,NA,NA,NA,NA,NA,NA
Eastern Virginia Career College,VA,NA,NA,117,NA,NA,202,NA,NA,217
Rudy & Kelly Academy A Paul Mitchell Partner School,VA,NA,NA,233,NA,NA,211,NA,NA,206
University of the Potomac-VA Campus,VA,6660,6660,80,6660,6660,223,6660,6660,177
Edward Via College of Osteopathic Medicine,VA,NA,NA,NA,NA,NA,NA,NA,NA,NA
Empire Beauty School-Midlothian,VA,NA,NA,84,NA,NA,84,NA,NA,87
Empire Beauty School-Owings Mills,MD,NA,NA,90,NA,NA,125,NA,NA,131
Aviation Institute of Maintenance-Manassas,VA,16757,16757,244,16757,16757,188,16757,16757,189
Divine Mercy University,VA,NA,NA,NA,NA,NA,NA,NA,NA,NA
Culpeper Cosmetology Training Center,VA,NA,NA,25,NA,NA,59,NA,NA,67
Maple Springs Baptist Bible College and Seminary,MD,5400,5400,20,NA,NA,NA,NA,NA,NA
Hair Expressions Academy,MD,NA,NA,29,NA,NA,38,NA,NA,NA
Avi Career Training,VA,NA,NA,17,NA,NA,17,NA,NA,74
Virginia Beach Theological Seminary,VA,NA,NA,1,NA,NA,2,NA,NA,2
Appalachian College of Pharmacy,VA,NA,NA,NA,NA,NA,NA,NA,NA,NA
Paul Mitchell the School-Tysons Corner,VA,NA,NA,109,NA,NA,129,NA,NA,94
Empire Beauty School-Richmond,VA,NA,NA,68,NA,NA,50,NA,NA,70
Patrick Henry College,VA,28425,28425,371,28425,28425,376,28425,28425,373
Omega Studios' School of Applied Recording Arts & Sciences,MD,NA,NA,102,NA,NA,86,NA,NA,74
The Temple-A Paul Mitchell Partner School,MD,NA,NA,182,NA,NA,169,NA,NA,167
Columbia College,VA,NA,NA,234,NA,NA,182,NA,NA,239
Ascent College,VA,9092,9092,61,7300,7300,68,7680,7680,85
Institute of Advanced Medical Esthetics,VA,NA,NA,10,NA,NA,24,NA,NA,37
The Art Institute of Virginia Beach,VA,19354,19354,117,20794,20794,88,NA,NA,NA
South University-Richmond,VA,17014,17014,268,17014,17014,274,18238,18238,244
South University-Virginia Beach,VA,17014,17014,254,17014,17014,205,18238,18238,252
Fairfax University of America,VA,10128,10128,8,10128,10128,15,10128,10128,5
Chamberlain University-Virginia,VA,19982,19982,715,20142,20142,663,20462,20462,567
Holistic Massage Training Institute,MD,NA,NA,34,NA,NA,32,NA,NA,28
Northern Virginia School of Therapeutic Massage,VA,NA,NA,120,NA,NA,139,NA,NA,87
Empire Beauty School-Virginia Beach,VA,NA,NA,160,NA,NA,171,NA,NA,169
Tomorrow's Image Barber And Beauty Academy of Virginia,VA,NA,NA,14,NA,NA,19,NA,NA,18
Bais HaMedrash and Mesivta of Baltimore,MD,13100,13100,81,13100,13100,86,13100,13100,91
Empire Beauty School-Glen Burnie,MD,NA,NA,82,NA,NA,81,NA,NA,73
Columbia Institute,MD,NA,NA,62,NA,NA,NA,NA,NA,NA
Paul Mitchell the School-Woodbridge,VA,NA,NA,117,NA,NA,37,NA,NA,NA
Aspen Beauty Academy of Laurel,MD,NA,NA,100,NA,NA,116,NA,NA,118
Institute of Health Sciences,MD,15100,15100,125,15100,15100,131,15100,15100,176
The Chrysm Institute of Esthetics,VA,NA,NA,167,NA,NA,217,NA,NA,255
DeVry University-Virginia,VA,17488,17488,88,17488,17488,59,17488,17488,25
Luckes Beauty Academy LLC,VA,NA,NA,28,NA,NA,21,NA,NA,21
Washington University of Science and Technology,VA,14000,14000,95,NA,NA,176,13178,13178,302
Standard Healthcare Services-College of Nursing,VA,NA,NA,518,NA,NA,623,NA,NA,719
Dermal Science International Aesthetics and Nail Academy,VA,NA,NA,45,NA,NA,61,NA,NA,35
Wave Leadership College,VA,8390,8390,31,NA,NA,NA,NA,NA,NA
The Temple Annapolis-A Paul Mitchell Partner School,MD,NA,NA,197,NA,NA,198,NA,NA,221
Paul Mitchell the School-Jessup,MD,NA,NA,131,NA,NA,121,NA,NA,125
Virginia University of Integrative Medicine,VA,NA,NA,NA,NA,NA,NA,NA,NA,NA
The Esthetic Institute,VA,NA,NA,107,NA,NA,115,NA,NA,107
Women's Institute of Torah Seminary and College,MD,10699,10699,141,9010,9010,134,9300,9300,141
Another Level Barbering and Cosmetology School,VA,NA,NA,45,NA,NA,50,NA,NA,77
American Massage & Bodywork Institute,VA,NA,NA,89,NA,NA,88,NA,NA,105
Crown Cutz Academy Bristol,VA,NA,NA,48,NA,NA,46,NA,NA,32
SANS Technology Institute,MD,NA,NA,147,NA,NA,427,NA,NA,643
Lotus Professional College,VA,NA,NA,89,NA,NA,108,NA,NA,157
Fortis College-Landover,MD,15362,15362,603,15667,15667,548,15537,15537,576
Empire Beauty School-Newport News,VA,NA,NA,72,NA,NA,85,NA,NA,78
Jolie Hair Academy,VA,NA,NA,5,NA,NA,NA,NA,NA,NA
Life Pacific University-Virginia,VA,13281,13281,NA,13905,13905,NA,14890,14890,NA
Denver Seminary - Washington DC,MD,NA,NA,NA,NA,NA,NA,NA,NA,NA
Cecil College - Elkton Station,MD,4770,9510,NA,NA,NA,NA,NA,NA,NA
Bluefield College - Edward Via College of Osteopathic Medicine,VA,NA,NA,NA,NA,NA,NA,NA,NA,NA
Bryant & Stratton College-Richmond,VA,17573,17573,NA,16392,16392,NA,18607,18607,NA
Bryant & Stratton College-Hampton,VA,16545,16545,NA,18587,18587,NA,18827,18827,NA
Strayer University-Alexandria Campus,VA,13515,13515,NA,13515,13515,NA,13920,13920,NA
Strayer University-Woodbridge Campus,VA,13515,13515,NA,13515,13515,NA,13920,13920,NA
Strayer University-Loudoun Campus,VA,13515,13515,NA,13515,13515,NA,13920,13920,NA
Strayer University-Fredericksburg Campus,VA,13515,13515,NA,13515,13515,NA,13920,13920,NA
Strayer University-Chesterfield Campus,VA,13515,13515,NA,13515,13515,NA,13920,13920,NA
Strayer University-Newport News Campus,VA,13515,13515,NA,13515,13515,NA,13920,13920,NA
Strayer University-Virginia Beach Campus,VA,13515,13515,NA,13515,13515,NA,13920,13920,NA
ECPI University-Newport News,VA,17479,17479,NA,18484,18484,NA,18484,18484,NA
ECPI University-Manassas,VA,17959,17959,NA,18964,18964,NA,18964,18964,NA
ECPI University-Culinary Institute of Virginia,VA,17479,17479,NA,18484,18484,NA,18484,18484,NA
ECPI University-Virginia Beach Health Sciences,VA,17479,17479,NA,18484,18484,NA,18484,18484,NA
ECPI University-Richmond South,VA,17479,17479,NA,18484,18484,NA,18484,18484,NA
ECPI University-Innsbrook,VA,17479,17479,NA,18484,18484,NA,18484,18484,NA
ECPI University-Richmond West,VA,17479,17479,NA,18484,18484,NA,18484,18484,NA
ECPI University - Roanoke,VA,17479,17479,NA,18484,18484,NA,18484,18484,NA
ECPI University - Culinary Institute of Virginia - Newport News,VA,17479,17479,NA,NA,NA,NA,NA,NA,NA
Strayer University-Rockville Campus,MD,13515,13515,NA,13515,13515,NA,13920,13920,NA
Strayer University-Anne Arundel Campus,MD,13515,13515,NA,13515,13515,NA,13920,13920,NA
Strayer University-White Marsh Campus,MD,13515,13515,NA,13515,13515,NA,13920,13920,NA
Strayer University-Owings Mills Campus,MD,13515,13515,NA,NA,NA,NA,NA,NA,NA
Aveda Arts & Sciences Institute Lafayette-Arlington,NA,NA,NA,NA,NA,NA,185,NA,NA,211
Montgomery Beauty School-Baltimore Beauty & Barber School,NA,NA,NA,NA,NA,NA,209,NA,NA,252
Galen Health Institutes-Richmond,NA,NA,NA,NA,39230,39230,212,15860,15860,374
Arizona College of Nursing-Falls Church,NA,NA,NA,NA,22826,22826,144,23760,23760,284
Tidewater Tech - Priority Automotive Tidewater Tech Learning Center,NA,NA,NA,NA,16337,16337,NA,16337,16337,NA
Chrysm Institute of Esthetics (The) - Hampton,NA,NA,NA,NA,NA,NA,NA,NA,NA,NA
Medical Solutions Academy,NA,NA,NA,NA,NA,NA,NA,14115,14115,106
Jazz Barber and Hairstyling Academy,NA,NA,NA,NA,NA,NA,NA,NA,NA,36
Baltimore Beauty & Barber School II,NA,NA,NA,NA,NA,NA,NA,NA,NA,65
Galen Health Institutes-Roanoke,NA,NA,NA,NA,NA,NA,NA,15860,15860,173